Item,Price,Offer
Super-Soft Z-Cushion,₹149,Offer price ₹149
Set of 5 Square Shaped Cushion Filler,"₹1,050",Offer price ₹840
Set of 3 Chair Pad Cushions with Strings,₹899,Offer price ₹824
Floral Printed Designer Cushion Cover,₹324,Offer price ₹288
Pack of 5 Textured Square Cushions 40 X 40 cm,"₹1,444","Offer price ₹1,274"
Set of 2 Floral Print Chair Pads,₹750,Offer price ₹600
16 inches Square Shape Cushion Filler,₹295,Offer price ₹280
Set of 3 Chair Pad Cushions with Strings,"₹1,054","Offer price ₹1,017"
Set of 2 Cushions With Filler,"₹1,300","Offer price ₹1,040"
"Set of 5 Floral Print Cushion Covers 16"" x 16""",₹489,Offer price ₹419
Set of 5 Printed Cushions,"₹1,590","Offer price ₹1,272"
"Set of 5 Origami Cotton Single Piece Cushion Covers 16""x16""","₹1,000",Offer price ₹740
Pack of 5 Striped Print Cushion Covers,₹489,Offer price ₹419
Set of 2 Printed Cotton Filled Cushions,₹279,Offer price ₹262
Geometric Print Tufted Cushion Cover 40x40cm,₹399,Offer price ₹319
"Set of 5 120 TC Floral Print Cushion Covers 16"" x 16""",₹489,Offer price ₹419
"Handmade Cotton Cushion Cover 20"" x 20""",₹959,Offer price ₹800
Set of 2 Square Cushions 12'' x 12'',₹299,Offer price ₹269
"Set of 5 104 TC Chevron Print Cushion Covers 16"" x 16""",₹419,Offer price ₹359
Graphic Print Cushion Covers,₹489,Offer price ₹419
Square Shape Chair Pad,₹199,Offer price ₹179
Floral Print Cushion Cover - 40x40cm,₹699,Offer price ₹629
Pack of 5 120 TC Cotton Printed Cushion Covers,₹489,Offer price ₹419
Square Shape Chair Pad,₹199,Offer price ₹179
"Set of 5 Microfiber Square Shaped Cushion Filler 16"" X 16""","₹2,796","Offer price ₹2,621"
Set of 2 Square Cushions,₹399,Offer price ₹374
Woven Cotton Cushion Cover,"₹1,365",Offer price ₹924
"Set of 4 Microfiber Square Shaped Cushion Filler 16"" X 16""",₹867,Offer price ₹727
Set of 5 Square Cotton Filled Cushions,₹499,Offer price ₹449
Set of 2 Microfiber Rectangle Cushions,₹400,Offer price ₹320
Set of 2 Printed Filled Cushions,₹899,Offer price ₹809
Printed Square Shape Chair Pad,₹199,Offer price ₹179
"Dinning Chair Cushion with 36 Knots 16"" x 16""",₹449,Offer price ₹332
Graphic Print Cushion Cover with Filler,₹245,Offer price ₹210
"Set of 2 Microfiber Square Shaped Cushion Filler 16"" X 16""",₹503,Offer price ₹363
"Set of 5 120 TC Floral Print Cushion Covers 16"" x 16""",₹489,Offer price ₹419
Floral Embroidered Cushion Cover,₹278,Offer price ₹222
Typographic Print Cushion Cover with Filler,₹245,Offer price ₹210
Set of 3 Square Shaped Cushion Filler,₹650,Offer price ₹520
Checked Cushion Cover,₹219,Offer price ₹150
Round Shape Cushion Filler,₹295,Offer price ₹236
Micro Print Cushion Cover,₹316,Offer price ₹235
"Striped Cushion Cover 12"" x 12""",₹256,Offer price ₹195
Set Of 2 Textured Cushion With Filler,"₹1,500","Offer price ₹1,500"
"Cotton Square Floor Cushion 16""X 16""",₹999,Offer price ₹799
Pack of 5 120 TC Cotton Checks Printed Cushion Covers,₹419,Offer price ₹359
Set Of 2 Checked Cushion With Filler,"₹1,500","Offer price ₹1,500"
Set Of 2 Textured Cushion With Filler,"₹1,500","Offer price ₹1,500"
"Kate Reindeer Cushion 18"" x 14""","₹1,995","Offer price ₹1,995"
Super-Soft Z-Cushion,₹199,Offer price ₹199
Mickey Mouse Print Cushion Cover with Zip Closure,₹519,Offer price ₹384
Set Of 2 Checked Cushion With Filler,"₹1,500","Offer price ₹1,500"
Solid Square Shape Cushions,₹559,Offer price ₹524
Embellished Filled Cushion - 30x30cm,₹799,Offer price ₹719
Set Of 2 Textured Cushion With Filler,"₹1,500","Offer price ₹1,500"
Set Of 2 Checked Cushion With Filler,"₹1,500","Offer price ₹1,500"
Floral Embellished Cushion Cover,₹499,Offer price ₹449
Set of 2 Printed Cotton Filled Cushions,₹279,Offer price ₹262
Polka-Dot Print Rectangle Filled Cushions,₹319,Offer price ₹299
Floral Embroidered Cushion Cover,₹699,Offer price ₹629
"Embellished Cushion with Tassels 16""X16""",₹799,Offer price ₹749
Set of 2 Printed Cotton Filled Cushions,"₹1,039",Offer price ₹974
"Unicorn Cover 16"" x 16""",₹899,Offer price ₹809
Floral Print Cushion Cover - 30x30cm,₹499,Offer price ₹449
Set of 2 Self-Design Cushion Covers 18'' x 18'',₹999,Offer price ₹899
Floral Embellished Cushion Cover,₹699,Offer price ₹629
Set of 2 Square Cushions,₹399,Offer price ₹374
"Spinel Textured Filled Cushions 16"" x 16""",₹599,Offer price ₹539
Set of 2 Cotton Filled Cushions - 45 cm x 45 cm,₹559,Offer price ₹524
Textured Cotton Chair Pad,₹599,Offer price ₹539
Multicolour Foil Printed Cushion Cover,₹699,Offer price ₹629
Pack of 4 Thin Foam Chairpad without Ties,₹949,Offer price ₹702
Set of 2 Corsica Filled Cushions,₹319,Offer price ₹299
"Floral Embroidered Cushion 16"" x 16""",₹899,Offer price ₹809
Animal Filled Cushion - 40 cm x 40 cm,₹899,Offer price ₹809
Set of 2 Fabric Memory Foam Armrest,₹699,Offer price ₹649
Striped Square Shaped Cushion,₹499,Offer price ₹449
"Set of 3 Textured Cushion Covers 16"" x 16""",₹599,Offer price ₹539
Micro Printed Square Shape Cushions,₹559,Offer price ₹524
Set of 2 Self-Design Cushions 18'' x 18'',₹999,Offer price ₹899
Set of 2 Geometric Print Cushion,₹899,Offer price ₹809
Set of 2 Square Cotton Filled Cushions,₹499,Offer price ₹449
"Memory Foam Cushion 14"" x 14""",₹999,Offer price ₹899
"Set of 2 Ebony Printed Cotton Filled Cushions 16"" x 16""",₹559,Offer price ₹524
Pack of 5 Textured Square Cushions 40 X 40 cm,"₹1,189","Offer price ₹1,049"
Set of 2 Checked Cushions,₹999,Offer price ₹899
Abstract Print Square Shape Cushion,₹399,Offer price ₹359
Super-Soft Z-Cushion,₹199,Offer price ₹199
Square Chair Pad,₹599,Offer price ₹539
Chevron Printed Square Shape Cushions,₹559,Offer price ₹524
Set of 2 Checked Cushions,₹999,Offer price ₹899
Printed Square Filled Cushion,₹199,Offer price ₹179
Printed Designer Cushion Cover,₹455,Offer price ₹336
Set of 2 Corsica Filled Cushions,₹319,Offer price ₹299
Solid Rectangular Chair Pad,₹999,Offer price ₹899
Pack of 5 Cusions,"₹1,699","Offer price ₹1,499"
Printed Square Filled Cushion - 30x30cm,₹299,Offer price ₹269
Pack of 3 Cotton Cushion Cover with tassles,"₹2,093","Offer price ₹1,549"
Geometric Print Square Cushion Pillow,₹599,Offer price ₹539
Pack of 5 Textured Cushions,"₹1,444","Offer price ₹1,274"
"Set of 5 Floral Print Cushions 16"" x 16""","₹1,699","Offer price ₹1,499"
"Geometric Print Cushion with Pom Pom Detail 50"" x 30""",₹590,Offer price ₹472
Abstract Printed Square Filled Cushion - 30x30cm,₹199,Offer price ₹179
Set of 2 Self-Design Cushion Covers 18'' x 18'',₹999,Offer price ₹899
Abstract Print Cotton Chair Pad,₹599,Offer price ₹539
Tufted Square Shape Cushion,"₹1,599","Offer price ₹1,439"
Set of 5 Square Shape Cushions with Pom Pom,"₹3,894","Offer price ₹2,882"
"Poise Square Chair Pad 16"" x 16.1""",₹999,Offer price ₹899
Set of 5 Printed Cushions,"₹1,590","Offer price ₹1,272"
Pack of 5 Textured Cushions,"₹1,444","Offer price ₹1,274"
"Pack of 3 Lace Square Cushion Cover 12"" X 12""",₹842,Offer price ₹673
Handloomed Cushion Cover with Zip Closure,₹903,Offer price ₹668
Floral Printed Cushion Cover Set,₹489,Offer price ₹419
"Disney Frozen Print Cushion with Cover 16"" x 16""",₹519,Offer price ₹384
Set of 5 Cotton Blend Cushion Covers with Filler,"₹1,800","Offer price ₹1,620"
Abstract Printed Cushions & Pillows,"₹1,189","Offer price ₹1,049"
Typographic Print Soft Heart Shape Pillows Cushion,₹439,Offer price ₹320
Set of 2 Floral Print Chair Pads,₹750,Offer price ₹600
Printed Cushion Cover with Embellishments,₹699,Offer price ₹629
"Set of 5 120 TC Floral Print Cushion Covers 16"" x 16""",₹489,Offer price ₹419
Printed Designer Cushion Cover,₹396,Offer price ₹288
Set of 5 Textured Cushions,₹800,Offer price ₹592
Set of 4 Thin Foam Chairpad without Ties,₹899,Offer price ₹665
Pack of 3 Handloomed Square Cushion Cover,"₹2,443","Offer price ₹1,808"
Set of 4 Square-Shaped Cushions Insert,₹718,Offer price ₹511
"Dinning Chair Cushion with 36 Knots 16"" x 16""",₹449,Offer price ₹332
Set of 2 Printed Chair Pads,₹750,Offer price ₹600
Pack of 5 Printed Square Cushions,"₹1,590","Offer price ₹1,272"
Pack of 5 Geometric Print 104 TC Cushion Covers,₹419,Offer price ₹359
Floral Printed Square Shaped Cushion Covers,"₹1,699","Offer price ₹1,499"
Leaf Print Cotton Cushion,₹999,Offer price ₹899
"Pack of 3 Lace Designer Cushion Cover 12"" X 12""",₹719,Offer price ₹575
Set of 2 Quilted Floor Cushion 16'' x 16'',"₹1,998","Offer price ₹1,598"
"Chair Cushion with Strings 16"" x 16""",₹649,Offer price ₹480
Set of 2 Floral Print Chair Pads,₹750,Offer price ₹600
Square Shaped Cushion,"₹1,444","Offer price ₹1,274"
Pack of 5 lace Cushion Cover with Zip-Closure,"₹2,793","Offer price ₹2,067"
Woven Pattern Roseate Cushion,₹590,Offer price ₹472
Set of 2 Round Shape Quilted Cushions,"₹1,250","Offer price ₹1,000"
Set of 3 Printed Square Shaped Cushion Filler,₹750,Offer price ₹600
Pack of 5 120 TC Cotton Printed Cushion Covers,₹454,Offer price ₹389
Set of 2 Cotton Chair Pads,₹699,Offer price ₹480
Pack of 5 Textured Square Cushions 40cmx40cm,"₹1,699","Offer price ₹1,499"
Square Shaped Cushion Filler,₹350,Offer price ₹280
Set of 2 Textured Cuddle Round Cushion,"₹1,250","Offer price ₹1,000"
Bakhtiari Cushion,₹590,Offer price ₹472
"Set of 2 Cotton Chair Pads 16"" x 16""",₹949,Offer price ₹702
"Set of 2 Jute Chairpads 14"" x 14""",₹699,Offer price ₹480
Pack of 3 Cushion Fillers,₹805,Offer price ₹552
Printed Cushion Cover with Zip Closure,₹519,Offer price ₹384
Set of 5 Cotton Blend Cushion Covers with Filler,"₹1,800","Offer price ₹1,620"
"Disney Frozen Print Cushion with Cover 16"" x 16""",₹519,Offer price ₹384
"Cotton Square Floor Cushion 24""X 24""","₹1,999","Offer price ₹1,599"
"Set of 3 Striped Cushion Covers 20"" x 20""",₹939,Offer price ₹715
"Disney Frozen Print Cushion with Cover 16"" x 16""",₹519,Offer price ₹384
"Pack of 3 Lace Square Cushion Cover 16"" X 16""",₹954,Offer price ₹763
Typographical Pattern Cushion,"₹1,599","Offer price ₹1,439"
Set of 2 Corsica Filled Cushions,₹319,Offer price ₹299
Pack of 2 Square Shape Cushions,₹584,Offer price ₹432
Avenger Print Cushion Cover with Zip Closure,₹519,Offer price ₹384
Pack of 2 Cushion Fillers,₹301,Offer price ₹224
Mickey Mouse Print Cushion Cover with Zip Closure,₹519,Offer price ₹384
Set of 5 Cotton Cushion Covers with Filler,"₹1,800","Offer price ₹1,620"
Dinning Chair Ckecked Cushion,₹539,Offer price ₹399
Pack of 2 Striped Cushion Fillers,₹567,Offer price ₹504
Textured Cushion Cover,₹450,Offer price ₹360
Pack of 3 Geometric Print Cushion Covers,"₹1,336","Offer price ₹1,079"
Decorative Cat Shape Cushion - 12''x14'',₹569,Offer price ₹421
Pack of 5 104 TC Cotton Printed Cushion Covers,₹419,Offer price ₹359
Set of 5 Printed Cushions with Tassels,"₹1,690","Offer price ₹1,352"
Oushak Print Cushion with Pom-poms 30x50cm,₹590,Offer price ₹472
Set of 2 Cushions With Filler,"₹1,500","Offer price ₹1,200"
"Dinning Chair Cushion with 36 Knots 16"" x 16""",₹449,Offer price ₹332
Set of 5 Cotton Blend Cushion Covers with Filler,"₹1,800","Offer price ₹1,620"
"Mickey Mouse Print Cushion with Cover 16"" x 16""",₹519,Offer price ₹384
"Set of 5 120 TC Floral Print Cushion Covers 16"" x 16""",₹454,Offer price ₹389
Chumbak Lumbar Filler,₹795,Offer price ₹755
Set of 2 Cuddle Round Cushion,"₹1,250","Offer price ₹1,000"
"Handmade Cotton Cushion Cover 20"" x 20""",₹959,Offer price ₹800
"Set of 4 Chair Cushions with Strings 16"" x 16""",₹899,Offer price ₹665
Avenger Print Cushion Cover with Zip Closure,₹519,Offer price ₹384
Solid Chairpad Back Support Seat Cushion,₹700,Offer price ₹518
Square Shaped Cushion,"₹1,444","Offer price ₹1,274"
"Set of 5 120 TC Floral Print Cushion Covers 16"" x 16""",₹489,Offer price ₹419
Set of 2 Corsica Filled Cushions,₹319,Offer price ₹299
Pack of 5 Striped Cushion Covers,₹419,Offer price ₹359
Set of 5 Floral Print Cusion Covers with Filler,"₹1,800","Offer price ₹1,620"
Woven Pattern Shiraz Cushion,₹590,Offer price ₹472
Striped Cushion Cover,₹450,Offer price ₹360
Avenger Print Cushion Cover with Zip Closure,₹519,Offer price ₹384
Set of 5 Cotton Blend Cushion Covers with Filler,"₹1,800","Offer price ₹1,620"
Pack of 5 Square Cushions 40 X 40 cm,"₹1,189","Offer price ₹1,049"
"Set of 2 Printed Chair Pads with Loops 16' x 16""",₹750,Offer price ₹600
Typographic Print Square Shape Cushion Cover & Filler,₹245,Offer price ₹210
Floral Embroidered Cushion Cover,₹503,Offer price ₹402
Pack of 5 120 TC Cotton Printed Cushion Covers,₹489,Offer price ₹419
Pack of 5 Printed 144 TC Cushion Covers,₹419,Offer price ₹359
Printed Square Shape Chair Pad,₹299,Offer price ₹269
"Set of 5 120 TC Striped Cushion Covers 16"" x 16""",₹419,Offer price ₹359
Pack of 5 Floral Printed Cushion Cover Set,₹419,Offer price ₹359
Pack of 5 Tropical Print Cushion Cover 40 cm x 40 cm,₹519,Offer price ₹384
Half Panama Chair Pads with 4 Strings & Foam Filling,₹899,Offer price ₹665
Set of 2 Floral Print Chair Pads,₹750,Offer price ₹600
Printed Cushion Cover with Zip Closure,₹519,Offer price ₹384
Set of 2 Jute Solid Cotton Pad,₹699,Offer price ₹480
"Set of 5 Gondi Cotton Single Piece Cushion Covers 16""x16""","₹1,000",Offer price ₹740
Printed Cushion with Tassels,₹590,Offer price ₹472
Set of 3 Square-Shaped Cushions Insert,₹599,Offer price ₹443
Set of 5 Cotton Cushion Covers with Filler,"₹2,001","Offer price ₹1,801"
Pack of 2 Cushion Cover,₹749,Offer price ₹554
Set of 2 Square Cushions,₹500,Offer price ₹400
Pack of 4 Cushion Fillers,"₹1,008",Offer price ₹655
Pack of 3 Jute Cushion Cover with Fringe Lace,"₹2,303","Offer price ₹1,704"
Pack of 5 Paisley Woven Square Cushions 40 x 40 cm,"₹1,444","Offer price ₹1,274"
Textured Square Cushion,"₹1,050",Offer price ₹945
Lace Cushion Cover with Zip-Closure,₹833,Offer price ₹616
"Set of 4 Chair Cushions with Strings 16"" x 16""",₹899,Offer price ₹665
Set of 5 104 TC Printed Cushion Covers,₹419,Offer price ₹359
Set Of 1 Winking Giraffe Knitted Cushion,"₹1,600","Offer price ₹1,184"
Set of 3 Square Shaped Cushion Filler,₹600,Offer price ₹480
"Set of 3 Striped Cushion Covers 24"" x 24""","₹1,169","Offer price ₹1,079"
"Disney Minnie Mouse Print Cushion with Cover 16"" x 16""",₹519,Offer price ₹384
"Set of 5 Textured Cushions 16"" x 16""","₹1,401","Offer price ₹1,261"
Pack of 5 Geometric Print Coushion Covers,₹419,Offer price ₹359
Velvet Reversible Round Filled Cushion,"₹1,095",Offer price ₹810
Hulk Print Cushion Cover with Zip Closure,₹519,Offer price ₹384
"Set of 3 Microfiber Square Shaped Cushion Filler 16"" X 16""",₹692,Offer price ₹545
Handloom Square Cushion Cover with Zip-Closure,₹903,Offer price ₹668
Set of 2 Floral Print Chair Pads,₹750,Offer price ₹600
"Chair Pad Cushion with Tassel 15"" x 15""",₹319,Offer price ₹279
Pack of 2 Solid Square Floor Cushion,"₹1,998","Offer price ₹1,598"
"Pack of 2 Striped Cushion Covers 12"" x 12""",₹599,Offer price ₹480
"Set of 5 210 TC Heart Print Cushion Covers 16"" x 16""",₹489,Offer price ₹419
Set of 2 Jute Solid Cotton Pad,₹699,Offer price ₹480
"Set of 5 Floral Print Cushion Covers 16"" x 16""","₹1,699","Offer price ₹1,499"
Embellished Squre Cushion,"₹1,200","Offer price ₹1,080"
"Set of 3 Floral Print Cushion Covers 21"" X 21""","₹1,658","Offer price ₹1,078"
Set of 2 Round Shaped Cushions,"₹1,250","Offer price ₹1,000"
"Set of 2 Quilted Cushions 14"" x 14""",₹699,Offer price ₹480
Set of 5 Polyester Cushion Covers with Filler,"₹1,401","Offer price ₹1,261"
"HANDMADE COTTON CUSHION COVER 18""x18""",₹699,Offer price ₹619
Set of 2 Jute Solid Cotton Pad,₹699,Offer price ₹480
"Pack of 3 Lace Square Cushion Cover 18"" X 18""",₹878,Offer price ₹702
Square Shaped Cushion Filler,₹266,Offer price ₹236
Floral Print Cushion Cover,₹330,Offer price ₹264
Typographic Print Cushion Cover with Filler,₹245,Offer price ₹210
Dinning Chair Pad BoxCushion with 36 Knots & 4 tie Back,₹539,Offer price ₹399
Graphic Print Cushion Cover with Filler,₹245,Offer price ₹210
Pack of 2 Solid Square Floor Cushion,"₹1,998","Offer price ₹1,598"
Micro Print Cushion Cover,₹450,Offer price ₹360
Set of 2 Water Resistant Dining Chair Pad Cushion,₹839,Offer price ₹621
"Star Print Owl Cushion 15"" x 11""",₹405,Offer price ₹300
"HANDMADE COTTON CUSHION COVER 20""x20""",₹959,Offer price ₹847
Printed Satin Cushion Cover with Filler,₹315,Offer price ₹259
"Set of 5 120 TC Printed Cushion Covers 16"" x 16""",₹489,Offer price ₹419
"Set of 4 Chair Cushions 16"" x 16""",₹979,Offer price ₹724
Pack of 3 Floral Print Cushion Covers,"₹1,449","Offer price ₹1,104"
Pack of 2 Striped Chair Pads with Tie-Ups,"₹1,079",Offer price ₹798
"Dinning Chair Cushion with 36 Knots 16"" x 16""",₹449,Offer price ₹332
"Printed Cloud Cushion 12"" x 14""",₹539,Offer price ₹399
"HANDMADE COTTON CUSHION COVER 20""x20""",₹909,Offer price ₹805
"Set of 4 Chair Cushions 16"" x 16""",₹979,Offer price ₹724
Set of 2 Floral Print Chair Pads,₹750,Offer price ₹600
Set of 2 Floral Hand Painted with Plain Cushion Cover,"₹1,909","Offer price ₹1,413"
"Handmade Cotton Cushion Cover 18"" x 18""",₹959,Offer price ₹800
Happy Smiley Emoticon Velvet Cushion,₹250,Offer price ₹185
Floral Printed Cushion Cover Set,₹419,Offer price ₹359
Pack of 5 Micro Print Coushion Cover,₹489,Offer price ₹419
Pack of 2 Solid Square Floor Cushion,"₹3,998","Offer price ₹3,198"
Pack f 5 Cotton 104 TC Checks Printed Cushion Cover Set,₹419,Offer price ₹359
Geometric Print Cushion Cover,₹390,Offer price ₹312
"Set of 2 Cotton Square Floor Cushion 20""X 20""","₹2,598","Offer price ₹2,078"
Set of 2 Floral Hand Painted with Plain Cushion Cover,"₹2,071","Offer price ₹1,533"
"HANDMADE COTTON CUSHION COVER 18""x18""",₹909,Offer price ₹805
Set of 2 Printed Chair Pads,₹750,Offer price ₹600
"Set of 2 Chair Cushions with Strings 16"" x 16""",₹899,Offer price ₹665
Set of 2 Cotton Chair Pads with 4 Ties,₹949,Offer price ₹702
Urethane Foam Round Seat Cushion,"₹1,890","Offer price ₹1,682"
"Set of 5 120 TC Floral Print Cushion Covers 16"" x 16""",₹489,Offer price ₹419
Set of 5 Cotton Cushion Covers with Filler,"₹1,734","Offer price ₹1,601"
Embellished Handmade Cushion,"₹2,050","Offer price ₹1,845"
Pack of 5 120 TC Cotton Printed Cushion Covers,₹419,Offer price ₹359
"Set of 3 Quilted Cushions 14"" x 14""","₹1,049",Offer price ₹719
Set Of 2 Checked Cushion With Filler,"₹1,500","Offer price ₹1,200"
"Embroidered Cushion Pillow Cover 16"" x 16""",₹487,Offer price ₹360
Pack of 2 Chair pad with Super Soft Polyester Filling,"₹1,424","Offer price ₹1,054"
Printed Cushion Cover with Zip Closure,₹519,Offer price ₹384
Set of 2 Cushions With Filler,"₹1,300","Offer price ₹1,040"
Pack of 1 Cushion Cover with lace detail,₹903,Offer price ₹668
"Handmade Embroidered Cushion 20""x 20""",₹909,Offer price ₹779
Super-soft Square Cushion,"₹1,999","Offer price ₹1,599"
Pure Cotton Cushion,₹999,Offer price ₹999
Stripes Linen Cushion Cover,"₹1,820","Offer price ₹1,232"
"Acadia Multicolor Cotton Single Piece Cushion Cover- 16""X16""","₹1,000",Offer price ₹740
Pack of 3 Cotton Cushion Cover with Fringe Lace,"₹2,093","Offer price ₹1,549"
Woven Pattern Numdah Cushion,₹590,Offer price ₹472
"Set of 5 120 TC Floral Print Cushion Covers 16"" x 16""",₹489,Offer price ₹419
Crecent Moon with Star Cushion,₹499,Offer price ₹389
Super-soft Square Cushion,"₹1,999","Offer price ₹1,599"
Pack of 5 Printed Square Cushions,"₹1,590","Offer price ₹1,272"
"Set of 5 144 TC Striped Cushion Covers 16"" x 16""",₹419,Offer price ₹359
Set of 2 Square Shaped Cushion Filler,₹400,Offer price ₹320
Set of 2 Floral Print Chair Pads,₹750,Offer price ₹600
Set of 5 Cotton Blend Cushion Covers with Filler,"₹1,800","Offer price ₹1,620"
Textured Square Floor Cushion with Handle,₹799,Offer price ₹639
"Dinning Chair Cushion with 36 Knots 16"" x 16""",₹539,Offer price ₹399
"Handmade Cotton Cushion Cover 16"" x 16""",₹959,Offer price ₹800
Micro Print Cushion Cover,₹359,Offer price ₹267
Set of 5 Cotton Blend Cushion Covers with Filler,"₹1,800","Offer price ₹1,620"
Set of 5 Cotton Cushion Covers with Filler,"₹2,001","Offer price ₹1,801"
"Set of 3 Striped Cushion Covers 16"" x 16""",₹863,Offer price ₹658
"Dinning Chair Cushion with 36 Knots 16"" x 16""",₹539,Offer price ₹399
Floral Print Cushion Cover,₹360,Offer price ₹288
Furnishings Square Cushions,"₹1,189","Offer price ₹1,049"
"Set of 3 Textured Cushion Covers 20"" x 20""",₹935,Offer price ₹935
